"","V1","V2","V3","V4","V5","V6"
"1",0,"Unknown",0,0,0,0
"2",1,"Left-Cerebral-Exterior",70,130,180,0
"3",2,"Left-Cerebral-White-Matter",245,245,245,0
"4",3,"Left-Cerebral-Cortex",205,62,78,0
"5",4,"Left-Lateral-Ventricle",120,18,134,0
"6",5,"Left-Inf-Lat-Vent",196,58,250,0
"7",6,"Left-Cerebellum-Exterior",0,148,0,0
"8",7,"Left-Cerebellum-White-Matter",220,248,164,0
"9",8,"Left-Cerebellum-Cortex",230,148,34,0
"10",9,"Left-Thalamus-unused",0,118,14,0
"11",10,"Left-Thalamus",0,118,14,0
"12",11,"Left-Caudate",122,186,220,0
"13",12,"Left-Putamen",236,13,176,0
"14",13,"Left-Pallidum",12,48,255,0
"15",14,"3rd-Ventricle",204,182,142,0
"16",15,"4th-Ventricle",42,204,164,0
"17",16,"Brain-Stem",119,159,176,0
"18",17,"Left-Hippocampus",220,216,20,0
"19",18,"Left-Amygdala",103,255,255,0
"20",19,"Left-Insula",80,196,98,0
"21",20,"Left-Operculum",60,58,210,0
"22",21,"Line-1",60,58,210,0
"23",22,"Line-2",60,58,210,0
"24",23,"Line-3",60,58,210,0
"25",24,"CSF",60,60,60,0
"26",25,"Left-Lesion",255,165,0,0
"27",26,"Left-Accumbens-area",255,165,0,0
"28",27,"Left-Substancia-Nigra",0,255,127,0
"29",28,"Left-VentralDC",165,42,42,0
"30",29,"Left-undetermined",135,206,235,0
"31",30,"Left-vessel",160,32,240,0
"32",31,"Left-choroid-plexus",0,200,200,0
"33",32,"Left-F3orb",100,50,100,0
"34",33,"Left-lOg",135,50,74,0
"35",34,"Left-aOg",122,135,50,0
"36",35,"Left-mOg",51,50,135,0
"37",36,"Left-pOg",74,155,60,0
"38",37,"Left-Stellate",120,62,43,0
"39",38,"Left-Porg",74,155,60,0
"40",39,"Left-Aorg",122,135,50,0
"41",40,"Right-Cerebral-Exterior",70,130,180,0
"42",41,"Right-Cerebral-White-Matter",245,245,245,0
"43",42,"Right-Cerebral-Cortex",205,62,78,0
"44",43,"Right-Lateral-Ventricle",120,18,134,0
"45",44,"Right-Inf-Lat-Vent",196,58,250,0
"46",45,"Right-Cerebellum-Exterior",0,148,0,0
"47",46,"Right-Cerebellum-White-Matter",220,248,164,0
"48",47,"Right-Cerebellum-Cortex",230,148,34,0
"49",48,"Right-Thalamus-unused",0,118,14,0
"50",49,"Right-Thalamus",0,118,14,0
"51",50,"Right-Caudate",122,186,220,0
"52",51,"Right-Putamen",236,13,176,0
"53",52,"Right-Pallidum",13,48,255,0
"54",53,"Right-Hippocampus",220,216,20,0
"55",54,"Right-Amygdala",103,255,255,0
"56",55,"Right-Insula",80,196,98,0
"57",56,"Right-Operculum",60,58,210,0
"58",57,"Right-Lesion",255,165,0,0
"59",58,"Right-Accumbens-area",255,165,0,0
"60",59,"Right-Substancia-Nigra",0,255,127,0
"61",60,"Right-VentralDC",165,42,42,0
"62",61,"Right-undetermined",135,206,235,0
"63",62,"Right-vessel",160,32,240,0
"64",63,"Right-choroid-plexus",0,200,221,0
"65",64,"Right-F3orb",100,50,100,0
"66",65,"Right-lOg",135,50,74,0
"67",66,"Right-aOg",122,135,50,0
"68",67,"Right-mOg",51,50,135,0
"69",68,"Right-pOg",74,155,60,0
"70",69,"Right-Stellate",120,62,43,0
"71",70,"Right-Porg",74,155,60,0
"72",71,"Right-Aorg",122,135,50,0
"73",72,"5th-Ventricle",120,190,150,0
"74",73,"Left-Interior",122,135,50,0
"75",74,"Right-Interior",122,135,50,0
"76",77,"WM-hypointensities",200,70,255,0
"77",78,"Left-WM-hypointensities",255,148,10,0
"78",79,"Right-WM-hypointensities",255,148,10,0
"79",80,"non-WM-hypointensities",164,108,226,0
"80",81,"Left-non-WM-hypointensities",164,108,226,0
"81",82,"Right-non-WM-hypointensities",164,108,226,0
"82",83,"Left-F1",255,218,185,0
"83",84,"Right-F1",255,218,185,0
"84",85,"Optic-Chiasm",234,169,30,0
"85",192,"Corpus_Callosum",250,255,50,0
"86",86,"Left_future_WMSA",200,120,255,0
"87",87,"Right_future_WMSA",200,121,255,0
"88",88,"future_WMSA",200,122,255,0
"89",96,"Left-Amygdala-Anterior",205,10,125,0
"90",97,"Right-Amygdala-Anterior",205,10,125,0
"91",98,"Dura",160,32,240,0
"92",99,"Lesion",255,165,0,0
"93",100,"Left-wm-intensity-abnormality",124,140,178,0
"94",101,"Left-caudate-intensity-abnormality",125,140,178,0
"95",102,"Left-putamen-intensity-abnormality",126,140,178,0
"96",103,"Left-accumbens-intensity-abnormality",127,140,178,0
"97",104,"Left-pallidum-intensity-abnormality",124,141,178,0
"98",105,"Left-amygdala-intensity-abnormality",124,142,178,0
"99",106,"Left-hippocampus-intensity-abnormality",124,143,178,0
"100",107,"Left-thalamus-intensity-abnormality",124,144,178,0
"101",108,"Left-VDC-intensity-abnormality",124,140,179,0
"102",109,"Right-wm-intensity-abnormality",124,140,178,0
"103",110,"Right-caudate-intensity-abnormality",125,140,178,0
"104",111,"Right-putamen-intensity-abnormality",126,140,178,0
"105",112,"Right-accumbens-intensity-abnormality",127,140,178,0
"106",113,"Right-pallidum-intensity-abnormality",124,141,178,0
"107",114,"Right-amygdala-intensity-abnormality",124,142,178,0
"108",115,"Right-hippocampus-intensity-abnormality",124,143,178,0
"109",116,"Right-thalamus-intensity-abnormality",124,144,178,0
"110",117,"Right-VDC-intensity-abnormality",124,140,179,0
"111",118,"Epidermis",255,20,147,0
"112",119,"Conn-Tissue",205,179,139,0
"113",120,"SC-Fat-Muscle",238,238,209,0
"114",121,"Cranium",200,200,200,0
"115",122,"CSF-SA",74,255,74,0
"116",123,"Muscle",238,0,0,0
"117",124,"Ear",0,0,139,0
"118",125,"Adipose",173,255,47,0
"119",126,"Spinal-Cord",133,203,229,0
"120",127,"Soft-Tissue",26,237,57,0
"121",128,"Nerve",34,139,34,0
"122",129,"Bone",30,144,255,0
"123",130,"AirCavity",196,160,128,0
"124",131,"Orbital-Fat",238,59,59,0
"125",132,"Tongue",221,39,200,0
"126",133,"Nasal-Structures",238,174,238,0
"127",134,"Globe",255,0,0,0
"128",135,"Teeth",72,61,139,0
"129",136,"Left-Caudate-Putamen",21,39,132,0
"130",137,"Right-Caudate-Putamen",21,39,132,0
"131",138,"Left-Claustrum",65,135,20,0
"132",139,"Right-Claustrum",65,135,20,0
"133",140,"Cornea",134,4,160,0
"134",142,"Diploe",221,226,68,0
"135",143,"Vitreous-Humor",255,255,254,0
"136",144,"Lens",52,209,226,0
"137",145,"Aqueous-Humor",239,160,223,0
"138",146,"Outer-Table",70,130,180,0
"139",147,"Inner-Table",70,130,181,0
"140",148,"Periosteum",139,121,94,0
"141",149,"Endosteum",224,224,224,0
"142",150,"R-C-S",255,0,0,0
"143",151,"Iris",205,205,0,0
"144",152,"SC-Adipose-Muscle",238,238,209,0
"145",153,"SC-Tissue",139,121,94,0
"146",154,"Orbital-Adipose",238,59,59,0
"147",155,"Left-IntCapsule-Ant",238,59,59,0
"148",156,"Right-IntCapsule-Ant",238,59,59,0
"149",157,"Left-IntCapsule-Pos",62,10,205,0
"150",158,"Right-IntCapsule-Pos",62,10,205,0
"151",159,"Left-Cerebral-WM-unmyelinated",0,118,14,0
"152",160,"Right-Cerebral-WM-unmyelinated",0,118,14,0
"153",161,"Left-Cerebral-WM-myelinated",220,216,21,0
"154",162,"Right-Cerebral-WM-myelinated",220,216,21,0
"155",163,"Left-Subcortical-Gray-Matter",122,186,220,0
"156",164,"Right-Subcortical-Gray-Matter",122,186,220,0
"157",165,"Skull",120,120,120,0
"158",166,"Posterior-fossa",14,48,255,0
"159",167,"Scalp",166,42,42,0
"160",168,"Hematoma",121,18,134,0
"161",169,"Left-Basal-Ganglia",236,13,127,0
"162",176,"Right-Basal-Ganglia",236,13,126,0
"163",170,"brainstem",119,159,176,0
"164",171,"DCG",119,0,176,0
"165",172,"Vermis",119,100,176,0
"166",173,"Midbrain",242,104,76,0
"167",174,"Pons",206,195,58,0
"168",175,"Medulla",119,159,176,0
"169",177,"Vermis-White-Matter",119,50,176,0
"170",178,"SCP",142,182,0,0
"171",179,"Floculus",19,100,176,0
"172",180,"Left-Cortical-Dysplasia",73,61,139,0
"173",181,"Right-Cortical-Dysplasia",73,62,139,0
"174",182,"CblumNodulus",10,100,176,0
"175",193,"Left-hippocampal_fissure",0,196,255,0
"176",194,"Left-CADG-head",255,164,164,0
"177",195,"Left-subiculum",196,196,0,0
"178",196,"Left-fimbria",0,100,255,0
"179",197,"Right-hippocampal_fissure",128,196,164,0
"180",198,"Right-CADG-head",0,126,75,0
"181",199,"Right-subiculum",128,96,64,0
"182",200,"Right-fimbria",0,50,128,0
"183",201,"alveus",255,204,153,0
"184",202,"perforant_pathway",255,128,128,0
"185",203,"parasubiculum",175,175,75,0
"186",204,"presubiculum",64,0,64,0
"187",205,"subiculum",0,0,255,0
"188",206,"CA1",255,0,0,0
"189",207,"CA2",128,128,255,0
"190",208,"CA3",0,128,0,0
"191",209,"CA4",196,160,128,0
"192",210,"GC-DG",32,200,255,0
"193",211,"HATA",128,255,128,0
"194",212,"fimbria",204,153,204,0
"195",213,"lateral_ventricle",121,17,136,0
"196",214,"molecular_layer_HP",128,0,0,0
"197",215,"hippocampal_fissure",128,32,255,0
"198",216,"entorhinal_cortex",255,204,102,0
"199",217,"molecular_layer_subiculum",128,128,128,0
"200",218,"Amygdala",104,255,255,0
"201",219,"Cerebral_White_Matter",0,226,0,0
"202",220,"Cerebral_Cortex",205,63,78,0
"203",221,"Inf_Lat_Vent",197,58,250,0
"204",222,"Perirhinal",33,150,250,0
"205",223,"Cerebral_White_Matter_Edge",226,0,0,0
"206",224,"Background",100,100,100,0
"207",225,"Ectorhinal",197,150,250,0
"208",226,"HP_tail",170,170,255,0
"209",227,"Polymorphic-Layer",128,255,128,0
"210",228,"Intracellular-Space",204,153,204,0
"211",229,"molecular_layer_DG",168,0,0,0
"212",231,"HP_body",0,255,0,0
"213",232,"HP_head",255,0,0,0
"214",233,"presubiculum-head",32,0,32,0
"215",234,"presubiculum-body",64,0,64,0
"216",235,"subiculum-head",0,0,175,0
"217",236,"subiculum-body",0,0,255,0
"218",237,"CA1-head",175,75,75,0
"219",238,"CA1-body",255,0,0,0
"220",239,"CA3-head",0,80,0,0
"221",240,"CA3-body",0,128,0,0
"222",241,"CA4-head",120,90,50,0
"223",242,"CA4-body",196,160,128,0
"224",243,"GC-ML-DG-head",75,125,175,0
"225",244,"GC-ML-DG-body",32,200,255,0
"226",245,"molecular_layer_HP-head",100,25,25,0
"227",246,"molecular_layer_HP-body",128,0,0,0
"228",247,"FreezeSurface",10,100,100,0
"229",250,"Fornix",255,0,0,0
"230",251,"CC_Posterior",0,0,64,0
"231",252,"CC_Mid_Posterior",0,0,112,0
"232",253,"CC_Central",0,0,160,0
"233",254,"CC_Mid_Anterior",0,0,208,0
"234",255,"CC_Anterior",0,0,255,0
"235",256,"Voxel-Unchanged",0,0,0,0
"236",257,"CSF-ExtraCerebral",60,60,60,0
"237",258,"Head-ExtraCerebral",150,150,200,0
"238",259,"Eye-Fluid",60,60,60,0
"239",260,"BoneOrAir",119,159,176,0
"240",261,"PossibleFluid",120,18,134,0
"241",262,"Sinus",196,160,128,0
"242",263,"Left-Eustachian",119,159,176,0
"243",264,"Right-Eustachian",119,159,176,0
"244",265,"Left-Eyeball",60,60,60,0
"245",266,"Right-Eyeball",60,60,60,0
"246",331,"Aorta",255,0,0,0
"247",332,"Left-Common-IliacA",255,80,0,0
"248",333,"Right-Common-IliacA",255,160,0,0
"249",334,"Left-External-IliacA",255,255,0,0
"250",335,"Right-External-IliacA",0,255,0,0
"251",336,"Left-Internal-IliacA",255,0,160,0
"252",337,"Right-Internal-IliacA",255,0,255,0
"253",338,"Left-Lateral-SacralA",255,50,80,0
"254",339,"Right-Lateral-SacralA",80,255,50,0
"255",340,"Left-ObturatorA",160,255,50,0
"256",341,"Right-ObturatorA",160,200,255,0
"257",342,"Left-Internal-PudendalA",0,255,160,0
"258",343,"Right-Internal-PudendalA",0,0,255,0
"259",344,"Left-UmbilicalA",80,50,255,0
"260",345,"Right-UmbilicalA",160,0,255,0
"261",346,"Left-Inf-RectalA",255,210,0,0
"262",347,"Right-Inf-RectalA",0,160,255,0
"263",348,"Left-Common-IliacV",255,200,80,0
"264",349,"Right-Common-IliacV",255,200,160,0
"265",350,"Left-External-IliacV",255,80,200,0
"266",351,"Right-External-IliacV",255,160,200,0
"267",352,"Left-Internal-IliacV",30,255,80,0
"268",353,"Right-Internal-IliacV",80,200,255,0
"269",354,"Left-ObturatorV",80,255,200,0
"270",355,"Right-ObturatorV",195,255,200,0
"271",356,"Left-Internal-PudendalV",120,200,20,0
"272",357,"Right-Internal-PudendalV",170,10,200,0
"273",358,"Pos-Lymph",20,130,180,0
"274",359,"Neg-Lymph",20,180,130,0
"275",400,"V1",206,62,78,0
"276",401,"V2",121,18,134,0
"277",402,"BA44",199,58,250,0
"278",403,"BA45",1,148,0,0
"279",404,"BA4a",221,248,164,0
"280",405,"BA4p",231,148,34,0
"281",406,"BA6",1,118,14,0
"282",407,"BA2",120,118,14,0
"283",408,"BA1_old",123,186,221,0
"284",409,"BAun2",238,13,177,0
"285",410,"BA1",123,186,220,0
"286",411,"BA2b",138,13,206,0
"287",412,"BA3a",238,130,176,0
"288",413,"BA3b",218,230,76,0
"289",414,"MT",38,213,176,0
"290",415,"AIPS_AIP_l",1,225,176,0
"291",416,"AIPS_AIP_r",1,225,176,0
"292",417,"AIPS_VIP_l",200,2,100,0
"293",418,"AIPS_VIP_r",200,2,100,0
"294",419,"IPL_PFcm_l",5,200,90,0
"295",420,"IPL_PFcm_r",5,200,90,0
"296",421,"IPL_PF_l",100,5,200,0
"297",422,"IPL_PFm_l",25,255,100,0
"298",423,"IPL_PFm_r",25,255,100,0
"299",424,"IPL_PFop_l",230,7,100,0
"300",425,"IPL_PFop_r",230,7,100,0
"301",426,"IPL_PF_r",100,5,200,0
"302",427,"IPL_PFt_l",150,10,200,0
"303",428,"IPL_PFt_r",150,10,200,0
"304",429,"IPL_PGa_l",175,10,176,0
"305",430,"IPL_PGa_r",175,10,176,0
"306",431,"IPL_PGp_l",10,100,255,0
"307",432,"IPL_PGp_r",10,100,255,0
"308",433,"Visual_V3d_l",150,45,70,0
"309",434,"Visual_V3d_r",150,45,70,0
"310",435,"Visual_V4_l",45,200,15,0
"311",436,"Visual_V4_r",45,200,15,0
"312",437,"Visual_V5_b",227,45,100,0
"313",438,"Visual_VP_l",227,45,100,0
"314",439,"Visual_VP_r",227,45,100,0
"315",498,"wmsa",143,188,143,0
"316",499,"other_wmsa",255,248,220,0
"317",500,"right_CA2_3",17,85,136,0
"318",501,"right_alveus",119,187,102,0
"319",502,"right_CA1",204,68,34,0
"320",503,"right_fimbria",204,0,255,0
"321",504,"right_presubiculum",221,187,17,0
"322",505,"right_hippocampal_fissure",153,221,238,0
"323",506,"right_CA4_DG",51,17,17,0
"324",507,"right_subiculum",0,119,85,0
"325",508,"right_fornix",20,100,200,0
"326",550,"left_CA2_3",17,85,137,0
"327",551,"left_alveus",119,187,103,0
"328",552,"left_CA1",204,68,35,0
"329",553,"left_fimbria",204,0,254,0
"330",554,"left_presubiculum",221,187,16,0
"331",555,"left_hippocampal_fissure",153,221,239,0
"332",556,"left_CA4_DG",51,17,18,0
"333",557,"left_subiculum",0,119,86,0
"334",558,"left_fornix",20,100,201,0
"335",600,"Tumor",254,254,254,0
"336",601,"Cbm_Left_I_IV",70,130,180,0
"337",602,"Cbm_Right_I_IV",245,245,245,0
"338",603,"Cbm_Left_V",205,62,78,0
"339",604,"Cbm_Right_V",120,18,134,0
"340",605,"Cbm_Left_VI",196,58,250,0
"341",606,"Cbm_Vermis_VI",0,148,0,0
"342",607,"Cbm_Right_VI",220,248,164,0
"343",608,"Cbm_Left_CrusI",230,148,34,0
"344",609,"Cbm_Vermis_CrusI",0,118,14,0
"345",610,"Cbm_Right_CrusI",0,118,14,0
"346",611,"Cbm_Left_CrusII",122,186,220,0
"347",612,"Cbm_Vermis_CrusII",236,13,176,0
"348",613,"Cbm_Right_CrusII",12,48,255,0
"349",614,"Cbm_Left_VIIb",204,182,142,0
"350",615,"Cbm_Vermis_VIIb",42,204,164,0
"351",616,"Cbm_Right_VIIb",119,159,176,0
"352",617,"Cbm_Left_VIIIa",220,216,20,0
"353",618,"Cbm_Vermis_VIIIa",103,255,255,0
"354",619,"Cbm_Right_VIIIa",80,196,98,0
"355",620,"Cbm_Left_VIIIb",60,58,210,0
"356",621,"Cbm_Vermis_VIIIb",60,58,210,0
"357",622,"Cbm_Right_VIIIb",60,58,210,0
"358",623,"Cbm_Left_IX",60,58,210,0
"359",624,"Cbm_Vermis_IX",60,60,60,0
"360",625,"Cbm_Right_IX",255,165,0,0
"361",626,"Cbm_Left_X",255,165,0,0
"362",627,"Cbm_Vermis_X",0,255,127,0
"363",628,"Cbm_Right_X",165,42,42,0
"364",640,"Cbm_Right_I_V_med",204,0,0,0
"365",641,"Cbm_Right_I_V_mid",255,0,0,0
"366",642,"Cbm_Right_VI_med",0,0,255,0
"367",643,"Cbm_Right_VI_mid",30,144,255,0
"368",644,"Cbm_Right_VI_lat",100,212,237,0
"369",645,"Cbm_Right_CrusI_med",218,165,32,0
"370",646,"Cbm_Right_CrusI_mid",255,215,0,0
"371",647,"Cbm_Right_CrusI_lat",255,255,166,0
"372",648,"Cbm_Right_CrusII_med",153,0,204,0
"373",649,"Cbm_Right_CrusII_mid",153,141,209,0
"374",650,"Cbm_Right_CrusII_lat",204,204,255,0
"375",651,"Cbm_Right_7med",31,212,194,0
"376",652,"Cbm_Right_7mid",3,255,237,0
"377",653,"Cbm_Right_7lat",204,255,255,0
"378",654,"Cbm_Right_8med",86,74,147,0
"379",655,"Cbm_Right_8mid",114,114,190,0
"380",656,"Cbm_Right_8lat",184,178,255,0
"381",657,"Cbm_Right_PUNs",126,138,37,0
"382",658,"Cbm_Right_TONs",189,197,117,0
"383",659,"Cbm_Right_FLOs",240,230,140,0
"384",660,"Cbm_Left_I_V_med",204,0,0,0
"385",661,"Cbm_Left_I_V_mid",255,0,0,0
"386",662,"Cbm_Left_VI_med",0,0,255,0
"387",663,"Cbm_Left_VI_mid",30,144,255,0
"388",664,"Cbm_Left_VI_lat",100,212,237,0
"389",665,"Cbm_Left_CrusI_med",218,165,32,0
"390",666,"Cbm_Left_CrusI_mid",255,215,0,0
"391",667,"Cbm_Left_CrusI_lat",255,255,166,0
"392",668,"Cbm_Left_CrusII_med",153,0,204,0
"393",669,"Cbm_Left_CrusII_mid",153,141,209,0
"394",670,"Cbm_Left_CrusII_lat",204,204,255,0
"395",671,"Cbm_Left_7med",31,212,194,0
"396",672,"Cbm_Left_7mid",3,255,237,0
"397",673,"Cbm_Left_7lat",204,255,255,0
"398",674,"Cbm_Left_8med",86,74,147,0
"399",675,"Cbm_Left_8mid",114,114,190,0
"400",676,"Cbm_Left_8lat",184,178,255,0
"401",677,"Cbm_Left_PUNs",126,138,37,0
"402",678,"Cbm_Left_TONs",189,197,117,0
"403",679,"Cbm_Left_FLOs",240,230,140,0
"404",690,"CbmWM_Gyri_Left",122,135,50,0
"405",691,"CbmWM_Gyri_Right",122,135,50,0
"406",701,"CSF-FSL-FAST",120,18,134,0
"407",702,"GrayMatter-FSL-FAST",205,62,78,0
"408",703,"WhiteMatter-FSL-FAST",0,225,0,0
"409",801,"L_hypothalamus_anterior_inferior",250,255,50,0
"410",802,"L_hypothalamus_anterior_superior",80,200,255,0
"411",803,"L_hypothalamus_posterior",255,160,0,0
"412",804,"L_hypothalamus_tubular_inferior",255,160,200,0
"413",805,"L_hypothalamus_tubular_superior",20,180,130,0
"414",806,"R_hypothalamus_anterior_inferior",250,255,50,0
"415",807,"R_hypothalamus_anterior_superior",80,200,255,0
"416",808,"R_hypothalamus_posterior",255,160,0,0
"417",809,"R_hypothalamus_tubular_inferior",255,160,200,0
"418",810,"R_hypothalamus_tubular_superior",20,180,130,0
"419",999,"SUSPICIOUS",255,100,100,0
"420",1000,"ctx-lh-unknown",25,5,25,0
"421",1001,"ctx-lh-bankssts",25,100,40,0
"422",1002,"ctx-lh-caudalanteriorcingulate",125,100,160,0
"423",1003,"ctx-lh-caudalmiddlefrontal",100,25,0,0
"424",1004,"ctx-lh-corpuscallosum",120,70,50,0
"425",1005,"ctx-lh-cuneus",220,20,100,0
"426",1006,"ctx-lh-entorhinal",220,20,10,0
"427",1007,"ctx-lh-fusiform",180,220,140,0
"428",1008,"ctx-lh-inferiorparietal",220,60,220,0
"429",1009,"ctx-lh-inferiortemporal",180,40,120,0
"430",1010,"ctx-lh-isthmuscingulate",140,20,140,0
"431",1011,"ctx-lh-lateraloccipital",20,30,140,0
"432",1012,"ctx-lh-lateralorbitofrontal",35,75,50,0
"433",1013,"ctx-lh-lingual",225,140,140,0
"434",1014,"ctx-lh-medialorbitofrontal",200,35,75,0
"435",1015,"ctx-lh-middletemporal",160,100,50,0
"436",1016,"ctx-lh-parahippocampal",20,220,60,0
"437",1017,"ctx-lh-paracentral",60,220,60,0
"438",1018,"ctx-lh-parsopercularis",220,180,140,0
"439",1019,"ctx-lh-parsorbitalis",20,100,50,0
"440",1020,"ctx-lh-parstriangularis",220,60,20,0
"441",1021,"ctx-lh-pericalcarine",120,100,60,0
"442",1022,"ctx-lh-postcentral",220,20,20,0
"443",1023,"ctx-lh-posteriorcingulate",220,180,220,0
"444",1024,"ctx-lh-precentral",60,20,220,0
"445",1025,"ctx-lh-precuneus",160,140,180,0
"446",1026,"ctx-lh-rostralanteriorcingulate",80,20,140,0
"447",1027,"ctx-lh-rostralmiddlefrontal",75,50,125,0
"448",1028,"ctx-lh-superiorfrontal",20,220,160,0
"449",1029,"ctx-lh-superiorparietal",20,180,140,0
"450",1030,"ctx-lh-superiortemporal",140,220,220,0
"451",1031,"ctx-lh-supramarginal",80,160,20,0
"452",1032,"ctx-lh-frontalpole",100,0,100,0
"453",1033,"ctx-lh-temporalpole",70,70,70,0
"454",1034,"ctx-lh-transversetemporal",150,150,200,0
"455",1035,"ctx-lh-insula",255,192,32,0
"456",2000,"ctx-rh-unknown",25,5,25,0
"457",2001,"ctx-rh-bankssts",25,100,40,0
"458",2002,"ctx-rh-caudalanteriorcingulate",125,100,160,0
"459",2003,"ctx-rh-caudalmiddlefrontal",100,25,0,0
"460",2004,"ctx-rh-corpuscallosum",120,70,50,0
"461",2005,"ctx-rh-cuneus",220,20,100,0
"462",2006,"ctx-rh-entorhinal",220,20,10,0
"463",2007,"ctx-rh-fusiform",180,220,140,0
"464",2008,"ctx-rh-inferiorparietal",220,60,220,0
"465",2009,"ctx-rh-inferiortemporal",180,40,120,0
"466",2010,"ctx-rh-isthmuscingulate",140,20,140,0
"467",2011,"ctx-rh-lateraloccipital",20,30,140,0
"468",2012,"ctx-rh-lateralorbitofrontal",35,75,50,0
"469",2013,"ctx-rh-lingual",225,140,140,0
"470",2014,"ctx-rh-medialorbitofrontal",200,35,75,0
"471",2015,"ctx-rh-middletemporal",160,100,50,0
"472",2016,"ctx-rh-parahippocampal",20,220,60,0
"473",2017,"ctx-rh-paracentral",60,220,60,0
"474",2018,"ctx-rh-parsopercularis",220,180,140,0
"475",2019,"ctx-rh-parsorbitalis",20,100,50,0
"476",2020,"ctx-rh-parstriangularis",220,60,20,0
"477",2021,"ctx-rh-pericalcarine",120,100,60,0
"478",2022,"ctx-rh-postcentral",220,20,20,0
"479",2023,"ctx-rh-posteriorcingulate",220,180,220,0
"480",2024,"ctx-rh-precentral",60,20,220,0
"481",2025,"ctx-rh-precuneus",160,140,180,0
"482",2026,"ctx-rh-rostralanteriorcingulate",80,20,140,0
"483",2027,"ctx-rh-rostralmiddlefrontal",75,50,125,0
"484",2028,"ctx-rh-superiorfrontal",20,220,160,0
"485",2029,"ctx-rh-superiorparietal",20,180,140,0
"486",2030,"ctx-rh-superiortemporal",140,220,220,0
"487",2031,"ctx-rh-supramarginal",80,160,20,0
"488",2032,"ctx-rh-frontalpole",100,0,100,0
"489",2033,"ctx-rh-temporalpole",70,70,70,0
"490",2034,"ctx-rh-transversetemporal",150,150,200,0
"491",2035,"ctx-rh-insula",255,192,32,0
"492",3000,"wm-lh-unknown",230,250,230,0
"493",3001,"wm-lh-bankssts",230,155,215,0
"494",3002,"wm-lh-caudalanteriorcingulate",130,155,95,0
"495",3003,"wm-lh-caudalmiddlefrontal",155,230,255,0
"496",3004,"wm-lh-corpuscallosum",135,185,205,0
"497",3005,"wm-lh-cuneus",35,235,155,0
"498",3006,"wm-lh-entorhinal",35,235,245,0
"499",3007,"wm-lh-fusiform",75,35,115,0
"500",3008,"wm-lh-inferiorparietal",35,195,35,0
"501",3009,"wm-lh-inferiortemporal",75,215,135,0
"502",3010,"wm-lh-isthmuscingulate",115,235,115,0
"503",3011,"wm-lh-lateraloccipital",235,225,115,0
"504",3012,"wm-lh-lateralorbitofrontal",220,180,205,0
"505",3013,"wm-lh-lingual",30,115,115,0
"506",3014,"wm-lh-medialorbitofrontal",55,220,180,0
"507",3015,"wm-lh-middletemporal",95,155,205,0
"508",3016,"wm-lh-parahippocampal",235,35,195,0
"509",3017,"wm-lh-paracentral",195,35,195,0
"510",3018,"wm-lh-parsopercularis",35,75,115,0
"511",3019,"wm-lh-parsorbitalis",235,155,205,0
"512",3020,"wm-lh-parstriangularis",35,195,235,0
"513",3021,"wm-lh-pericalcarine",135,155,195,0
"514",3022,"wm-lh-postcentral",35,235,235,0
"515",3023,"wm-lh-posteriorcingulate",35,75,35,0
"516",3024,"wm-lh-precentral",195,235,35,0
"517",3025,"wm-lh-precuneus",95,115,75,0
"518",3026,"wm-lh-rostralanteriorcingulate",175,235,115,0
"519",3027,"wm-lh-rostralmiddlefrontal",180,205,130,0
"520",3028,"wm-lh-superiorfrontal",235,35,95,0
"521",3029,"wm-lh-superiorparietal",235,75,115,0
"522",3030,"wm-lh-superiortemporal",115,35,35,0
"523",3031,"wm-lh-supramarginal",175,95,235,0
"524",3032,"wm-lh-frontalpole",155,255,155,0
"525",3033,"wm-lh-temporalpole",185,185,185,0
"526",3034,"wm-lh-transversetemporal",105,105,55,0
"527",3035,"wm-lh-insula",20,220,160,0
"528",4000,"wm-rh-unknown",230,250,230,0
"529",4001,"wm-rh-bankssts",230,155,215,0
"530",4002,"wm-rh-caudalanteriorcingulate",130,155,95,0
"531",4003,"wm-rh-caudalmiddlefrontal",155,230,255,0
"532",4004,"wm-rh-corpuscallosum",135,185,205,0
"533",4005,"wm-rh-cuneus",35,235,155,0
"534",4006,"wm-rh-entorhinal",35,235,245,0
"535",4007,"wm-rh-fusiform",75,35,115,0
"536",4008,"wm-rh-inferiorparietal",35,195,35,0
"537",4009,"wm-rh-inferiortemporal",75,215,135,0
"538",4010,"wm-rh-isthmuscingulate",115,235,115,0
"539",4011,"wm-rh-lateraloccipital",235,225,115,0
"540",4012,"wm-rh-lateralorbitofrontal",220,180,205,0
"541",4013,"wm-rh-lingual",30,115,115,0
"542",4014,"wm-rh-medialorbitofrontal",55,220,180,0
"543",4015,"wm-rh-middletemporal",95,155,205,0
"544",4016,"wm-rh-parahippocampal",235,35,195,0
"545",4017,"wm-rh-paracentral",195,35,195,0
"546",4018,"wm-rh-parsopercularis",35,75,115,0
"547",4019,"wm-rh-parsorbitalis",235,155,205,0
"548",4020,"wm-rh-parstriangularis",35,195,235,0
"549",4021,"wm-rh-pericalcarine",135,155,195,0
"550",4022,"wm-rh-postcentral",35,235,235,0
"551",4023,"wm-rh-posteriorcingulate",35,75,35,0
"552",4024,"wm-rh-precentral",195,235,35,0
"553",4025,"wm-rh-precuneus",95,115,75,0
"554",4026,"wm-rh-rostralanteriorcingulate",175,235,115,0
"555",4027,"wm-rh-rostralmiddlefrontal",180,205,130,0
"556",4028,"wm-rh-superiorfrontal",235,35,95,0
"557",4029,"wm-rh-superiorparietal",235,75,115,0
"558",4030,"wm-rh-superiortemporal",115,35,35,0
"559",4031,"wm-rh-supramarginal",175,95,235,0
"560",4032,"wm-rh-frontalpole",155,255,155,0
"561",4033,"wm-rh-temporalpole",185,185,185,0
"562",4034,"wm-rh-transversetemporal",105,105,55,0
"563",4035,"wm-rh-insula",20,220,160,0
"564",1301,"ctx-lh-frontal-lobe",25,100,40,0
"565",1303,"ctx-lh-cingulate-lobe",100,25,0,0
"566",1304,"ctx-lh-occipital-lobe",120,70,50,0
"567",1305,"ctx-lh-temporal-lobe",220,20,100,0
"568",1306,"ctx-lh-parietal-lobe",220,20,10,0
"569",1307,"ctx-lh-insula-lobe",255,192,32,0
"570",2301,"ctx-rh-frontal-lobe",25,100,40,0
"571",2303,"ctx-rh-cingulate-lobe",100,25,0,0
"572",2304,"ctx-rh-occipital-lobe",120,70,50,0
"573",2305,"ctx-rh-temporal-lobe",220,20,100,0
"574",2306,"ctx-rh-parietal-lobe",220,20,10,0
"575",2307,"ctx-rh-insula-lobe",255,192,32,0
"576",3201,"wm-lh-frontal-lobe",235,35,95,0
"577",3203,"wm-lh-cingulate-lobe",35,75,35,0
"578",3204,"wm-lh-occipital-lobe",135,155,195,0
"579",3205,"wm-lh-temporal-lobe",115,35,35,0
"580",3206,"wm-lh-parietal-lobe",35,195,35,0
"581",3207,"wm-lh-insula-lobe",20,220,160,0
"582",4201,"wm-rh-frontal-lobe",235,35,95,0
"583",4203,"wm-rh-cingulate-lobe",35,75,35,0
"584",4204,"wm-rh-occipital-lobe",135,155,195,0
"585",4205,"wm-rh-temporal-lobe",115,35,35,0
"586",4206,"wm-rh-parietal-lobe",35,195,35,0
"587",4207,"wm-rh-insula-lobe",20,220,160,0
"588",1100,"ctx-lh-Unknown",0,0,0,0
"589",1101,"ctx-lh-Corpus_callosum",50,50,50,0
"590",1102,"ctx-lh-G_and_S_Insula_ONLY_AVERAGE",180,20,30,0
"591",1103,"ctx-lh-G_cingulate-Isthmus",60,25,25,0
"592",1104,"ctx-lh-G_cingulate-Main_part",25,60,60,0
"593",1200,"ctx-lh-G_cingulate-caudal_ACC",25,60,61,0
"594",1201,"ctx-lh-G_cingulate-rostral_ACC",25,90,60,0
"595",1202,"ctx-lh-G_cingulate-posterior",25,120,60,0
"596",1205,"ctx-lh-S_cingulate-caudal_ACC",25,150,60,0
"597",1206,"ctx-lh-S_cingulate-rostral_ACC",25,180,60,0
"598",1207,"ctx-lh-S_cingulate-posterior",25,210,60,0
"599",1210,"ctx-lh-S_pericallosal-caudal",25,150,90,0
"600",1211,"ctx-lh-S_pericallosal-rostral",25,180,90,0
"601",1212,"ctx-lh-S_pericallosal-posterior",25,210,90,0
"602",1105,"ctx-lh-G_cuneus",180,20,20,0
"603",1106,"ctx-lh-G_frontal_inf-Opercular_part",220,20,100,0
"604",1107,"ctx-lh-G_frontal_inf-Orbital_part",140,60,60,0
"605",1108,"ctx-lh-G_frontal_inf-Triangular_part",180,220,140,0
"606",1109,"ctx-lh-G_frontal_middle",140,100,180,0
"607",1110,"ctx-lh-G_frontal_superior",180,20,140,0
"608",1111,"ctx-lh-G_frontomarginal",140,20,140,0
"609",1112,"ctx-lh-G_insular_long",21,10,10,0
"610",1113,"ctx-lh-G_insular_short",225,140,140,0
"611",1114,"ctx-lh-G_and_S_occipital_inferior",23,60,180,0
"612",1115,"ctx-lh-G_occipital_middle",180,60,180,0
"613",1116,"ctx-lh-G_occipital_superior",20,220,60,0
"614",1117,"ctx-lh-G_occipit-temp_lat-Or_fusiform",60,20,140,0
"615",1118,"ctx-lh-G_occipit-temp_med-Lingual_part",220,180,140,0
"616",1119,"ctx-lh-G_occipit-temp_med-Parahippocampal_part",65,100,20,0
"617",1120,"ctx-lh-G_orbital",220,60,20,0
"618",1121,"ctx-lh-G_paracentral",60,100,60,0
"619",1122,"ctx-lh-G_parietal_inferior-Angular_part",20,60,220,0
"620",1123,"ctx-lh-G_parietal_inferior-Supramarginal_part",100,100,60,0
"621",1124,"ctx-lh-G_parietal_superior",220,180,220,0
"622",1125,"ctx-lh-G_postcentral",20,180,140,0
"623",1126,"ctx-lh-G_precentral",60,140,180,0
"624",1127,"ctx-lh-G_precuneus",25,20,140,0
"625",1128,"ctx-lh-G_rectus",20,60,100,0
"626",1129,"ctx-lh-G_subcallosal",60,220,20,0
"627",1130,"ctx-lh-G_subcentral",60,20,220,0
"628",1131,"ctx-lh-G_temporal_inferior",220,220,100,0
"629",1132,"ctx-lh-G_temporal_middle",180,60,60,0
"630",1133,"ctx-lh-G_temp_sup-G_temp_transv_and_interm_S",60,60,220,0
"631",1134,"ctx-lh-G_temp_sup-Lateral_aspect",220,60,220,0
"632",1135,"ctx-lh-G_temp_sup-Planum_polare",65,220,60,0
"633",1136,"ctx-lh-G_temp_sup-Planum_tempolare",25,140,20,0
"634",1137,"ctx-lh-G_and_S_transverse_frontopolar",13,0,250,0
"635",1138,"ctx-lh-Lat_Fissure-ant_sgt-ramus_horizontal",61,20,220,0
"636",1139,"ctx-lh-Lat_Fissure-ant_sgt-ramus_vertical",61,20,60,0
"637",1140,"ctx-lh-Lat_Fissure-post_sgt",61,60,100,0
"638",1141,"ctx-lh-Medial_wall",25,25,25,0
"639",1142,"ctx-lh-Pole_occipital",140,20,60,0
"640",1143,"ctx-lh-Pole_temporal",220,180,20,0
"641",1144,"ctx-lh-S_calcarine",63,180,180,0
"642",1145,"ctx-lh-S_central",221,20,10,0
"643",1146,"ctx-lh-S_central_insula",21,220,20,0
"644",1147,"ctx-lh-S_cingulate-Main_part_and_Intracingulate",183,100,20,0
"645",1148,"ctx-lh-S_cingulate-Marginalis_part",221,20,100,0
"646",1149,"ctx-lh-S_circular_insula_anterior",221,60,140,0
"647",1150,"ctx-lh-S_circular_insula_inferior",221,20,220,0
"648",1151,"ctx-lh-S_circular_insula_superior",61,220,220,0
"649",1152,"ctx-lh-S_collateral_transverse_ant",100,200,200,0
"650",1153,"ctx-lh-S_collateral_transverse_post",10,200,200,0
"651",1154,"ctx-lh-S_frontal_inferior",221,220,20,0
"652",1155,"ctx-lh-S_frontal_middle",141,20,100,0
"653",1156,"ctx-lh-S_frontal_superior",61,220,100,0
"654",1157,"ctx-lh-S_frontomarginal",21,220,60,0
"655",1158,"ctx-lh-S_intermedius_primus-Jensen",141,60,20,0
"656",1159,"ctx-lh-S_intraparietal-and_Parietal_transverse",143,20,220,0
"657",1160,"ctx-lh-S_occipital_anterior",61,20,180,0
"658",1161,"ctx-lh-S_occipital_middle_and_Lunatus",101,60,220,0
"659",1162,"ctx-lh-S_occipital_superior_and_transversalis",21,20,140,0
"660",1163,"ctx-lh-S_occipito-temporal_lateral",221,140,20,0
"661",1164,"ctx-lh-S_occipito-temporal_medial_and_S_Lingual",141,100,220,0
"662",1165,"ctx-lh-S_orbital-H_shapped",101,20,20,0
"663",1166,"ctx-lh-S_orbital_lateral",221,100,20,0
"664",1167,"ctx-lh-S_orbital_medial-Or_olfactory",181,200,20,0
"665",1168,"ctx-lh-S_paracentral",21,180,140,0
"666",1169,"ctx-lh-S_parieto_occipital",101,100,180,0
"667",1170,"ctx-lh-S_pericallosal",181,220,20,0
"668",1171,"ctx-lh-S_postcentral",21,140,200,0
"669",1172,"ctx-lh-S_precentral-Inferior-part",21,20,240,0
"670",1173,"ctx-lh-S_precentral-Superior-part",21,20,200,0
"671",1174,"ctx-lh-S_subcentral_ant",61,180,60,0
"672",1175,"ctx-lh-S_subcentral_post",61,180,250,0
"673",1176,"ctx-lh-S_suborbital",21,20,60,0
"674",1177,"ctx-lh-S_subparietal",101,60,60,0
"675",1178,"ctx-lh-S_supracingulate",21,220,220,0
"676",1179,"ctx-lh-S_temporal_inferior",21,180,180,0
"677",1180,"ctx-lh-S_temporal_superior",223,220,60,0
"678",1181,"ctx-lh-S_temporal_transverse",221,60,60,0
"679",2100,"ctx-rh-Unknown",0,0,0,0
"680",2101,"ctx-rh-Corpus_callosum",50,50,50,0
"681",2102,"ctx-rh-G_and_S_Insula_ONLY_AVERAGE",180,20,30,0
"682",2103,"ctx-rh-G_cingulate-Isthmus",60,25,25,0
"683",2104,"ctx-rh-G_cingulate-Main_part",25,60,60,0
"684",2105,"ctx-rh-G_cuneus",180,20,20,0
"685",2106,"ctx-rh-G_frontal_inf-Opercular_part",220,20,100,0
"686",2107,"ctx-rh-G_frontal_inf-Orbital_part",140,60,60,0
"687",2108,"ctx-rh-G_frontal_inf-Triangular_part",180,220,140,0
"688",2109,"ctx-rh-G_frontal_middle",140,100,180,0
"689",2110,"ctx-rh-G_frontal_superior",180,20,140,0
"690",2111,"ctx-rh-G_frontomarginal",140,20,140,0
"691",2112,"ctx-rh-G_insular_long",21,10,10,0
"692",2113,"ctx-rh-G_insular_short",225,140,140,0
"693",2114,"ctx-rh-G_and_S_occipital_inferior",23,60,180,0
"694",2115,"ctx-rh-G_occipital_middle",180,60,180,0
"695",2116,"ctx-rh-G_occipital_superior",20,220,60,0
"696",2117,"ctx-rh-G_occipit-temp_lat-Or_fusiform",60,20,140,0
"697",2118,"ctx-rh-G_occipit-temp_med-Lingual_part",220,180,140,0
"698",2119,"ctx-rh-G_occipit-temp_med-Parahippocampal_part",65,100,20,0
"699",2120,"ctx-rh-G_orbital",220,60,20,0
"700",2121,"ctx-rh-G_paracentral",60,100,60,0
"701",2122,"ctx-rh-G_parietal_inferior-Angular_part",20,60,220,0
"702",2123,"ctx-rh-G_parietal_inferior-Supramarginal_part",100,100,60,0
"703",2124,"ctx-rh-G_parietal_superior",220,180,220,0
"704",2125,"ctx-rh-G_postcentral",20,180,140,0
"705",2126,"ctx-rh-G_precentral",60,140,180,0
"706",2127,"ctx-rh-G_precuneus",25,20,140,0
"707",2128,"ctx-rh-G_rectus",20,60,100,0
"708",2129,"ctx-rh-G_subcallosal",60,220,20,0
"709",2130,"ctx-rh-G_subcentral",60,20,220,0
"710",2131,"ctx-rh-G_temporal_inferior",220,220,100,0
"711",2132,"ctx-rh-G_temporal_middle",180,60,60,0
"712",2133,"ctx-rh-G_temp_sup-G_temp_transv_and_interm_S",60,60,220,0
"713",2134,"ctx-rh-G_temp_sup-Lateral_aspect",220,60,220,0
"714",2135,"ctx-rh-G_temp_sup-Planum_polare",65,220,60,0
"715",2136,"ctx-rh-G_temp_sup-Planum_tempolare",25,140,20,0
"716",2137,"ctx-rh-G_and_S_transverse_frontopolar",13,0,250,0
"717",2138,"ctx-rh-Lat_Fissure-ant_sgt-ramus_horizontal",61,20,220,0
"718",2139,"ctx-rh-Lat_Fissure-ant_sgt-ramus_vertical",61,20,60,0
"719",2140,"ctx-rh-Lat_Fissure-post_sgt",61,60,100,0
"720",2141,"ctx-rh-Medial_wall",25,25,25,0
"721",2142,"ctx-rh-Pole_occipital",140,20,60,0
"722",2143,"ctx-rh-Pole_temporal",220,180,20,0
"723",2144,"ctx-rh-S_calcarine",63,180,180,0
"724",2145,"ctx-rh-S_central",221,20,10,0
"725",2146,"ctx-rh-S_central_insula",21,220,20,0
"726",2147,"ctx-rh-S_cingulate-Main_part_and_Intracingulate",183,100,20,0
"727",2148,"ctx-rh-S_cingulate-Marginalis_part",221,20,100,0
"728",2149,"ctx-rh-S_circular_insula_anterior",221,60,140,0
"729",2150,"ctx-rh-S_circular_insula_inferior",221,20,220,0
"730",2151,"ctx-rh-S_circular_insula_superior",61,220,220,0
"731",2152,"ctx-rh-S_collateral_transverse_ant",100,200,200,0
"732",2153,"ctx-rh-S_collateral_transverse_post",10,200,200,0
"733",2154,"ctx-rh-S_frontal_inferior",221,220,20,0
"734",2155,"ctx-rh-S_frontal_middle",141,20,100,0
"735",2156,"ctx-rh-S_frontal_superior",61,220,100,0
"736",2157,"ctx-rh-S_frontomarginal",21,220,60,0
"737",2158,"ctx-rh-S_intermedius_primus-Jensen",141,60,20,0
"738",2159,"ctx-rh-S_intraparietal-and_Parietal_transverse",143,20,220,0
"739",2160,"ctx-rh-S_occipital_anterior",61,20,180,0
"740",2161,"ctx-rh-S_occipital_middle_and_Lunatus",101,60,220,0
"741",2162,"ctx-rh-S_occipital_superior_and_transversalis",21,20,140,0
"742",2163,"ctx-rh-S_occipito-temporal_lateral",221,140,20,0
"743",2164,"ctx-rh-S_occipito-temporal_medial_and_S_Lingual",141,100,220,0
"744",2165,"ctx-rh-S_orbital-H_shapped",101,20,20,0
"745",2166,"ctx-rh-S_orbital_lateral",221,100,20,0
"746",2167,"ctx-rh-S_orbital_medial-Or_olfactory",181,200,20,0
"747",2168,"ctx-rh-S_paracentral",21,180,140,0
"748",2169,"ctx-rh-S_parieto_occipital",101,100,180,0
"749",2170,"ctx-rh-S_pericallosal",181,220,20,0
"750",2171,"ctx-rh-S_postcentral",21,140,200,0
"751",2172,"ctx-rh-S_precentral-Inferior-part",21,20,240,0
"752",2173,"ctx-rh-S_precentral-Superior-part",21,20,200,0
"753",2174,"ctx-rh-S_subcentral_ant",61,180,60,0
"754",2175,"ctx-rh-S_subcentral_post",61,180,250,0
"755",2176,"ctx-rh-S_suborbital",21,20,60,0
"756",2177,"ctx-rh-S_subparietal",101,60,60,0
"757",2178,"ctx-rh-S_supracingulate",21,220,220,0
"758",2179,"ctx-rh-S_temporal_inferior",21,180,180,0
"759",2180,"ctx-rh-S_temporal_superior",223,220,60,0
"760",2181,"ctx-rh-S_temporal_transverse",221,60,60,0
"761",2200,"ctx-rh-G_cingulate-caudal_ACC",25,60,61,0
"762",2201,"ctx-rh-G_cingulate-rostral_ACC",25,90,60,0
"763",2202,"ctx-rh-G_cingulate-posterior",25,120,60,0
"764",2205,"ctx-rh-S_cingulate-caudal_ACC",25,150,60,0
"765",2206,"ctx-rh-S_cingulate-rostral_ACC",25,180,60,0
"766",2207,"ctx-rh-S_cingulate-posterior",25,210,60,0
"767",2210,"ctx-rh-S_pericallosal-caudal",25,150,90,0
"768",2211,"ctx-rh-S_pericallosal-rostral",25,180,90,0
"769",2212,"ctx-rh-S_pericallosal-posterior",25,210,90,0
"770",3100,"wm-lh-Unknown",0,0,0,0
"771",3101,"wm-lh-Corpus_callosum",50,50,50,0
"772",3102,"wm-lh-G_and_S_Insula_ONLY_AVERAGE",180,20,30,0
"773",3103,"wm-lh-G_cingulate-Isthmus",60,25,25,0
"774",3104,"wm-lh-G_cingulate-Main_part",25,60,60,0
"775",3105,"wm-lh-G_cuneus",180,20,20,0
"776",3106,"wm-lh-G_frontal_inf-Opercular_part",220,20,100,0
"777",3107,"wm-lh-G_frontal_inf-Orbital_part",140,60,60,0
"778",3108,"wm-lh-G_frontal_inf-Triangular_part",180,220,140,0
"779",3109,"wm-lh-G_frontal_middle",140,100,180,0
"780",3110,"wm-lh-G_frontal_superior",180,20,140,0
"781",3111,"wm-lh-G_frontomarginal",140,20,140,0
"782",3112,"wm-lh-G_insular_long",21,10,10,0
"783",3113,"wm-lh-G_insular_short",225,140,140,0
"784",3114,"wm-lh-G_and_S_occipital_inferior",23,60,180,0
"785",3115,"wm-lh-G_occipital_middle",180,60,180,0
"786",3116,"wm-lh-G_occipital_superior",20,220,60,0
"787",3117,"wm-lh-G_occipit-temp_lat-Or_fusiform",60,20,140,0
"788",3118,"wm-lh-G_occipit-temp_med-Lingual_part",220,180,140,0
"789",3119,"wm-lh-G_occipit-temp_med-Parahippocampal_part",65,100,20,0
"790",3120,"wm-lh-G_orbital",220,60,20,0
"791",3121,"wm-lh-G_paracentral",60,100,60,0
"792",3122,"wm-lh-G_parietal_inferior-Angular_part",20,60,220,0
"793",3123,"wm-lh-G_parietal_inferior-Supramarginal_part",100,100,60,0
"794",3124,"wm-lh-G_parietal_superior",220,180,220,0
"795",3125,"wm-lh-G_postcentral",20,180,140,0
"796",3126,"wm-lh-G_precentral",60,140,180,0
"797",3127,"wm-lh-G_precuneus",25,20,140,0
"798",3128,"wm-lh-G_rectus",20,60,100,0
"799",3129,"wm-lh-G_subcallosal",60,220,20,0
"800",3130,"wm-lh-G_subcentral",60,20,220,0
"801",3131,"wm-lh-G_temporal_inferior",220,220,100,0
"802",3132,"wm-lh-G_temporal_middle",180,60,60,0
"803",3133,"wm-lh-G_temp_sup-G_temp_transv_and_interm_S",60,60,220,0
"804",3134,"wm-lh-G_temp_sup-Lateral_aspect",220,60,220,0
"805",3135,"wm-lh-G_temp_sup-Planum_polare",65,220,60,0
"806",3136,"wm-lh-G_temp_sup-Planum_tempolare",25,140,20,0
"807",3137,"wm-lh-G_and_S_transverse_frontopolar",13,0,250,0
"808",3138,"wm-lh-Lat_Fissure-ant_sgt-ramus_horizontal",61,20,220,0
"809",3139,"wm-lh-Lat_Fissure-ant_sgt-ramus_vertical",61,20,60,0
"810",3140,"wm-lh-Lat_Fissure-post_sgt",61,60,100,0
"811",3141,"wm-lh-Medial_wall",25,25,25,0
"812",3142,"wm-lh-Pole_occipital",140,20,60,0
"813",3143,"wm-lh-Pole_temporal",220,180,20,0
"814",3144,"wm-lh-S_calcarine",63,180,180,0
"815",3145,"wm-lh-S_central",221,20,10,0
"816",3146,"wm-lh-S_central_insula",21,220,20,0
"817",3147,"wm-lh-S_cingulate-Main_part_and_Intracingulate",183,100,20,0
"818",3148,"wm-lh-S_cingulate-Marginalis_part",221,20,100,0
"819",3149,"wm-lh-S_circular_insula_anterior",221,60,140,0
"820",3150,"wm-lh-S_circular_insula_inferior",221,20,220,0
"821",3151,"wm-lh-S_circular_insula_superior",61,220,220,0
"822",3152,"wm-lh-S_collateral_transverse_ant",100,200,200,0
"823",3153,"wm-lh-S_collateral_transverse_post",10,200,200,0
"824",3154,"wm-lh-S_frontal_inferior",221,220,20,0
"825",3155,"wm-lh-S_frontal_middle",141,20,100,0
"826",3156,"wm-lh-S_frontal_superior",61,220,100,0
"827",3157,"wm-lh-S_frontomarginal",21,220,60,0
"828",3158,"wm-lh-S_intermedius_primus-Jensen",141,60,20,0
"829",3159,"wm-lh-S_intraparietal-and_Parietal_transverse",143,20,220,0
"830",3160,"wm-lh-S_occipital_anterior",61,20,180,0
"831",3161,"wm-lh-S_occipital_middle_and_Lunatus",101,60,220,0
"832",3162,"wm-lh-S_occipital_superior_and_transversalis",21,20,140,0
"833",3163,"wm-lh-S_occipito-temporal_lateral",221,140,20,0
"834",3164,"wm-lh-S_occipito-temporal_medial_and_S_Lingual",141,100,220,0
"835",3165,"wm-lh-S_orbital-H_shapped",101,20,20,0
"836",3166,"wm-lh-S_orbital_lateral",221,100,20,0
"837",3167,"wm-lh-S_orbital_medial-Or_olfactory",181,200,20,0
"838",3168,"wm-lh-S_paracentral",21,180,140,0
"839",3169,"wm-lh-S_parieto_occipital",101,100,180,0
"840",3170,"wm-lh-S_pericallosal",181,220,20,0
"841",3171,"wm-lh-S_postcentral",21,140,200,0
"842",3172,"wm-lh-S_precentral-Inferior-part",21,20,240,0
"843",3173,"wm-lh-S_precentral-Superior-part",21,20,200,0
"844",3174,"wm-lh-S_subcentral_ant",61,180,60,0
"845",3175,"wm-lh-S_subcentral_post",61,180,250,0
"846",3176,"wm-lh-S_suborbital",21,20,60,0
"847",3177,"wm-lh-S_subparietal",101,60,60,0
"848",3178,"wm-lh-S_supracingulate",21,220,220,0
"849",3179,"wm-lh-S_temporal_inferior",21,180,180,0
"850",3180,"wm-lh-S_temporal_superior",223,220,60,0
"851",3181,"wm-lh-S_temporal_transverse",221,60,60,0
"852",4100,"wm-rh-Unknown",0,0,0,0
"853",4101,"wm-rh-Corpus_callosum",50,50,50,0
"854",4102,"wm-rh-G_and_S_Insula_ONLY_AVERAGE",180,20,30,0
"855",4103,"wm-rh-G_cingulate-Isthmus",60,25,25,0
"856",4104,"wm-rh-G_cingulate-Main_part",25,60,60,0
"857",4105,"wm-rh-G_cuneus",180,20,20,0
"858",4106,"wm-rh-G_frontal_inf-Opercular_part",220,20,100,0
"859",4107,"wm-rh-G_frontal_inf-Orbital_part",140,60,60,0
"860",4108,"wm-rh-G_frontal_inf-Triangular_part",180,220,140,0
"861",4109,"wm-rh-G_frontal_middle",140,100,180,0
"862",4110,"wm-rh-G_frontal_superior",180,20,140,0
"863",4111,"wm-rh-G_frontomarginal",140,20,140,0
"864",4112,"wm-rh-G_insular_long",21,10,10,0
"865",4113,"wm-rh-G_insular_short",225,140,140,0
"866",4114,"wm-rh-G_and_S_occipital_inferior",23,60,180,0
"867",4115,"wm-rh-G_occipital_middle",180,60,180,0
"868",4116,"wm-rh-G_occipital_superior",20,220,60,0
"869",4117,"wm-rh-G_occipit-temp_lat-Or_fusiform",60,20,140,0
"870",4118,"wm-rh-G_occipit-temp_med-Lingual_part",220,180,140,0
"871",4119,"wm-rh-G_occipit-temp_med-Parahippocampal_part",65,100,20,0
"872",4120,"wm-rh-G_orbital",220,60,20,0
"873",4121,"wm-rh-G_paracentral",60,100,60,0
"874",4122,"wm-rh-G_parietal_inferior-Angular_part",20,60,220,0
"875",4123,"wm-rh-G_parietal_inferior-Supramarginal_part",100,100,60,0
"876",4124,"wm-rh-G_parietal_superior",220,180,220,0
"877",4125,"wm-rh-G_postcentral",20,180,140,0
"878",4126,"wm-rh-G_precentral",60,140,180,0
"879",4127,"wm-rh-G_precuneus",25,20,140,0
"880",4128,"wm-rh-G_rectus",20,60,100,0
"881",4129,"wm-rh-G_subcallosal",60,220,20,0
"882",4130,"wm-rh-G_subcentral",60,20,220,0
"883",4131,"wm-rh-G_temporal_inferior",220,220,100,0
"884",4132,"wm-rh-G_temporal_middle",180,60,60,0
"885",4133,"wm-rh-G_temp_sup-G_temp_transv_and_interm_S",60,60,220,0
"886",4134,"wm-rh-G_temp_sup-Lateral_aspect",220,60,220,0
"887",4135,"wm-rh-G_temp_sup-Planum_polare",65,220,60,0
"888",4136,"wm-rh-G_temp_sup-Planum_tempolare",25,140,20,0
"889",4137,"wm-rh-G_and_S_transverse_frontopolar",13,0,250,0
"890",4138,"wm-rh-Lat_Fissure-ant_sgt-ramus_horizontal",61,20,220,0
"891",4139,"wm-rh-Lat_Fissure-ant_sgt-ramus_vertical",61,20,60,0
"892",4140,"wm-rh-Lat_Fissure-post_sgt",61,60,100,0
"893",4141,"wm-rh-Medial_wall",25,25,25,0
"894",4142,"wm-rh-Pole_occipital",140,20,60,0
"895",4143,"wm-rh-Pole_temporal",220,180,20,0
"896",4144,"wm-rh-S_calcarine",63,180,180,0
"897",4145,"wm-rh-S_central",221,20,10,0
"898",4146,"wm-rh-S_central_insula",21,220,20,0
"899",4147,"wm-rh-S_cingulate-Main_part_and_Intracingulate",183,100,20,0
"900",4148,"wm-rh-S_cingulate-Marginalis_part",221,20,100,0
"901",4149,"wm-rh-S_circular_insula_anterior",221,60,140,0
"902",4150,"wm-rh-S_circular_insula_inferior",221,20,220,0
"903",4151,"wm-rh-S_circular_insula_superior",61,220,220,0
"904",4152,"wm-rh-S_collateral_transverse_ant",100,200,200,0
"905",4153,"wm-rh-S_collateral_transverse_post",10,200,200,0
"906",4154,"wm-rh-S_frontal_inferior",221,220,20,0
"907",4155,"wm-rh-S_frontal_middle",141,20,100,0
"908",4156,"wm-rh-S_frontal_superior",61,220,100,0
"909",4157,"wm-rh-S_frontomarginal",21,220,60,0
"910",4158,"wm-rh-S_intermedius_primus-Jensen",141,60,20,0
"911",4159,"wm-rh-S_intraparietal-and_Parietal_transverse",143,20,220,0
"912",4160,"wm-rh-S_occipital_anterior",61,20,180,0
"913",4161,"wm-rh-S_occipital_middle_and_Lunatus",101,60,220,0
"914",4162,"wm-rh-S_occipital_superior_and_transversalis",21,20,140,0
"915",4163,"wm-rh-S_occipito-temporal_lateral",221,140,20,0
"916",4164,"wm-rh-S_occipito-temporal_medial_and_S_Lingual",141,100,220,0
"917",4165,"wm-rh-S_orbital-H_shapped",101,20,20,0
"918",4166,"wm-rh-S_orbital_lateral",221,100,20,0
"919",4167,"wm-rh-S_orbital_medial-Or_olfactory",181,200,20,0
"920",4168,"wm-rh-S_paracentral",21,180,140,0
"921",4169,"wm-rh-S_parieto_occipital",101,100,180,0
"922",4170,"wm-rh-S_pericallosal",181,220,20,0
"923",4171,"wm-rh-S_postcentral",21,140,200,0
"924",4172,"wm-rh-S_precentral-Inferior-part",21,20,240,0
"925",4173,"wm-rh-S_precentral-Superior-part",21,20,200,0
"926",4174,"wm-rh-S_subcentral_ant",61,180,60,0
"927",4175,"wm-rh-S_subcentral_post",61,180,250,0
"928",4176,"wm-rh-S_suborbital",21,20,60,0
"929",4177,"wm-rh-S_subparietal",101,60,60,0
"930",4178,"wm-rh-S_supracingulate",21,220,220,0
"931",4179,"wm-rh-S_temporal_inferior",21,180,180,0
"932",4180,"wm-rh-S_temporal_superior",223,220,60,0
"933",4181,"wm-rh-S_temporal_transverse",221,60,60,0
"934",5001,"Left-UnsegmentedWhiteMatter",20,30,40,0
"935",5002,"Right-UnsegmentedWhiteMatter",20,30,40,0
"936",5100,"fmajor",204,102,102,0
"937",5101,"fminor",204,102,102,0
"938",5102,"cc.body",204,102,102,0
"939",5103,"cc.bodyc",255,153,153,0
"940",5104,"cc.bodypf",255,153,153,0
"941",5105,"cc.bodypm",255,204,204,0
"942",5106,"cc.bodyp",255,102,102,0
"943",5107,"cc.bodyt",255,204,204,0
"944",5108,"cc.genu",255,102,102,0
"945",5109,"cc.rostrum",204,51,51,0
"946",5110,"cc.splenium",204,51,51,0
"947",5111,"acomm",204,102,102,0
"948",5112,"mcp",102,51,153,0
"949",5200,"lh.atr",255,255,102,0
"950",5201,"lh.cab",153,204,0,0
"951",5202,"lh.ccg",0,153,153,0
"952",5203,"lh.cst",204,153,255,0
"953",5204,"lh.ilf",255,153,51,0
"954",5205,"lh.slfp",204,204,204,0
"955",5206,"lh.slft",153,255,255,0
"956",5207,"lh.unc",102,153,255,0
"957",5208,"lh.cb",0,153,153,0
"958",5209,"lh.slf",204,204,204,0
"959",5210,"lh.af",153,255,255,0
"960",5211,"lh.ifof",51,153,51,0
"961",5212,"lh.fx",255,153,204,0
"962",5213,"lh.fat",204,51,102,0
"963",5214,"lh.or",153,102,255,0
"964",5215,"lh.mlf",255,255,204,0
"965",5216,"lh.slf1",51,204,255,0
"966",5217,"lh.slf2",51,255,204,0
"967",5218,"lh.slf3",204,204,204,0
"968",5219,"lh.afd",153,255,255,0
"969",5220,"lh.afv",153,255,255,0
"970",5221,"lh.ar",153,0,204,0
"971",5222,"lh.cbd",0,153,153,0
"972",5223,"lh.cbv",153,204,0,0
"973",5224,"lh.emc",51,153,51,0
"974",5225,"lh.uf",102,153,255,0
"975",5300,"rh.atr",255,255,102,0
"976",5301,"rh.cab",153,204,0,0
"977",5302,"rh.ccg",0,153,153,0
"978",5303,"rh.cst",204,153,255,0
"979",5304,"rh.ilf",255,153,51,0
"980",5305,"rh.slfp",204,204,204,0
"981",5306,"rh.slft",153,255,255,0
"982",5307,"rh.unc",102,153,255,0
"983",5308,"rh.cb",0,153,153,0
"984",5309,"rh.slf",204,204,204,0
"985",5310,"rh.af",153,255,255,0
"986",5311,"rh.ifof",51,153,51,0
"987",5312,"rh.fx",255,153,204,0
"988",5313,"rh.fat",204,51,102,0
"989",5314,"rh.or",153,102,255,0
"990",5315,"rh.mlf",255,255,204,0
"991",5316,"rh.slf1",51,204,255,0
"992",5317,"rh.slf2",51,255,204,0
"993",5318,"rh.slf3",204,204,204,0
"994",5319,"rh.afd",153,255,255,0
"995",5320,"rh.afv",153,255,255,0
"996",5321,"rh.ar",153,0,204,0
"997",5322,"rh.cbd",0,153,153,0
"998",5323,"rh.cbv",153,204,0,0
"999",5324,"rh.emc",51,153,51,0
"1000",5325,"rh.uf",102,153,255,0
"1001",6000,"CST-orig",0,255,0,0
"1002",6001,"CST-hammer",255,255,0,0
"1003",6002,"CST-CVS",0,255,255,0
"1004",6003,"CST-flirt",0,0,255,0
"1005",6010,"Left-SLF1",236,16,231,0
"1006",6020,"Right-SLF1",237,18,232,0
"1007",6030,"Left-SLF3",236,13,227,0
"1008",6040,"Right-SLF3",236,17,228,0
"1009",6050,"Left-CST",1,255,1,0
"1010",6060,"Right-CST",2,255,1,0
"1011",6070,"Left-SLF2",236,14,230,0
"1012",6080,"Right-SLF2",237,14,230,0
"1013",7001,"Lateral-nucleus",72,132,181,0
"1014",7002,"Basolateral-nucleus",243,243,243,0
"1015",7003,"Basal-nucleus",207,63,79,0
"1016",7004,"Centromedial-nucleus",121,20,135,0
"1017",7005,"Central-nucleus",197,60,248,0
"1018",7006,"Medial-nucleus",2,149,2,0
"1019",7007,"Cortical-nucleus",221,249,166,0
"1020",7008,"Accessory-Basal-nucleus",232,146,35,0
"1021",7009,"Corticoamygdaloid-transitio",20,60,120,0
"1022",7010,"Anterior-amygdaloid-area-AAA",250,250,0,0
"1023",7011,"Fusion-amygdala-HP-FAH",122,187,222,0
"1024",7012,"Hippocampal-amygdala-transition-HATA",237,12,177,0
"1025",7013,"Endopiriform-nucleus",10,49,255,0
"1026",7014,"Lateral-nucleus-olfactory-tract",205,184,144,0
"1027",7015,"Paralaminar-nucleus",45,205,165,0
"1028",7016,"Intercalated-nucleus",117,160,175,0
"1029",7017,"Prepiriform-cortex",221,217,21,0
"1030",7018,"Periamygdaloid-cortex",20,60,120,0
"1031",7019,"Envelope-Amygdala",141,21,100,0
"1032",7020,"Extranuclear-Amydala",225,140,141,0
"1033",7100,"Brainstem-inferior-colliculus",42,201,168,0
"1034",7101,"Brainstem-cochlear-nucleus",168,104,162,0
"1035",7201,"DR",121,255,250,0
"1036",7202,"MnR",0,255,0,0
"1037",7203,"PAG",153,153,255,0
"1038",7204,"VTA",255,0,255,0
"1039",7301,"Left-LC",0,0,255,0
"1040",7302,"Left-LDTg",255,127,0,0
"1041",7303,"Left-mRt",255,0,0,0
"1042",7304,"Left-PBC",255,255,0,0
"1043",7305,"Left-PnO",0,127,255,0
"1044",7306,"Left-PTg",127,0,255,0
"1045",7401,"Right-LC",0,0,255,0
"1046",7402,"Right-LDTg",255,127,0,0
"1047",7403,"Right-mRt",255,0,0,0
"1048",7404,"Right-PBC",255,255,0,0
"1049",7405,"Right-PnO",0,127,255,0
"1050",7406,"Right-PTg",127,0,255,0
"1051",8001,"Thalamus-Anterior",74,130,181,0
"1052",8002,"Thalamus-Ventral-anterior",242,241,240,0
"1053",8003,"Thalamus-Lateral-dorsal",206,65,78,0
"1054",8004,"Thalamus-Lateral-posterior",120,21,133,0
"1055",8005,"Thalamus-Ventral-lateral",195,61,246,0
"1056",8006,"Thalamus-Ventral-posterior-medial",3,147,6,0
"1057",8007,"Thalamus-Ventral-posterior-lateral",220,251,163,0
"1058",8008,"Thalamus-intralaminar",232,146,33,0
"1059",8009,"Thalamus-centromedian",4,114,14,0
"1060",8010,"Thalamus-mediodorsal",121,184,220,0
"1061",8011,"Thalamus-medial",235,11,175,0
"1062",8012,"Thalamus-pulvinar",12,46,250,0
"1063",8013,"Thalamus-lateral-geniculate",203,182,143,0
"1064",8014,"Thalamus-medial-geniculate",42,204,167,0
"1065",8103,"Left-AV",0,85,0,0
"1066",8104,"Left-CeM",170,85,0,0
"1067",8105,"Left-CL",0,170,0,0
"1068",8106,"Left-CM",170,170,0,0
"1069",8108,"Left-LD",170,255,0,0
"1070",8109,"Left-LGN",0,0,127,0
"1071",8110,"Left-LP",0,85,127,0
"1072",8111,"Left-L-Sg",170,85,127,0
"1073",8112,"Left-MDl",0,170,127,0
"1074",8113,"Left-MDm",170,170,127,0
"1075",8115,"Left-MGN",170,255,127,0
"1076",8116,"Left-MV(Re)",0,0,255,0
"1077",8117,"Left-Pc",170,0,255,0
"1078",8118,"Left-Pf",0,85,255,0
"1079",8119,"Left-Pt",170,85,255,0
"1080",8120,"Left-PuA",0,170,255,0
"1081",8121,"Left-PuI",170,170,255,0
"1082",8122,"Left-PuL",0,255,255,0
"1083",8123,"Left-PuM",170,255,255,0
"1084",8125,"Left-R",255,0,0,0
"1085",8126,"Left-VA",85,85,0,0
"1086",8127,"Left-VAmc",255,85,0,0
"1087",8128,"Left-VLa",85,170,0,0
"1088",8129,"Left-VLp",255,170,0,0
"1089",8130,"Left-VM",85,255,0,0
"1090",8133,"Left-VPL",255,0,255,0
"1091",8134,"Left-PaV",120,18,134,0
"1092",8203,"Right-AV",0,85,0,0
"1093",8204,"Right-CeM",170,85,0,0
"1094",8205,"Right-CL",0,170,0,0
"1095",8206,"Right-CM",170,170,0,0
"1096",8208,"Right-LD",170,255,0,0
"1097",8209,"Right-LGN",0,0,127,0
"1098",8210,"Right-LP",0,85,127,0
"1099",8211,"Right-L-Sg",170,85,127,0
"1100",8212,"Right-MDl",0,170,127,0
"1101",8213,"Right-MDm",170,170,127,0
"1102",8215,"Right-MGN",170,255,127,0
"1103",8216,"Right-MV(Re)",0,0,255,0
"1104",8217,"Right-Pc",170,0,255,0
"1105",8218,"Right-Pf",0,85,255,0
"1106",8219,"Right-Pt",170,85,255,0
"1107",8220,"Right-PuA",0,170,255,0
"1108",8221,"Right-PuI",170,170,255,0
"1109",8222,"Right-PuL",0,255,255,0
"1110",8223,"Right-PuM",170,255,255,0
"1111",8225,"Right-R",255,0,0,0
"1112",8226,"Right-VA",85,85,0,0
"1113",8227,"Right-VAmc",255,85,0,0
"1114",8228,"Right-VLa",85,170,0,0
"1115",8229,"Right-VLp",255,170,0,0
"1116",8230,"Right-VM",85,255,0,0
"1117",8233,"Right-VPL",255,0,255,0
"1118",8234,"Right-PaV",120,18,134,0
"1119",9000,"ctx-lh-prefrontal",50,100,30,0
"1120",9001,"ctx-lh-primary-motor",30,100,45,0
"1121",9002,"ctx-lh-premotor",130,100,165,0
"1122",9003,"ctx-lh-temporal",105,25,5,0
"1123",9004,"ctx-lh-posterior-parietal",125,70,55,0
"1124",9005,"ctx-lh-prim-sec-somatosensory",225,20,105,0
"1125",9006,"ctx-lh-occipital",225,20,15,0
"1126",9500,"ctx-rh-prefrontal",50,200,30,0
"1127",9501,"ctx-rh-primary-motor",30,150,45,0
"1128",9502,"ctx-rh-premotor",130,150,165,0
"1129",9503,"ctx-rh-temporal",105,75,5,0
"1130",9504,"ctx-rh-posterior-parietal",125,120,55,0
"1131",9505,"ctx-rh-prim-sec-somatosensory",225,70,105,0
"1132",9506,"ctx-rh-occipital",225,70,15,0
"1133",11100,"ctx_lh_Unknown",0,0,0,0
"1134",11101,"ctx_lh_G_and_S_frontomargin",23,220,60,0
"1135",11102,"ctx_lh_G_and_S_occipital_inf",23,60,180,0
"1136",11103,"ctx_lh_G_and_S_paracentral",63,100,60,0
"1137",11104,"ctx_lh_G_and_S_subcentral",63,20,220,0
"1138",11105,"ctx_lh_G_and_S_transv_frontopol",13,0,250,0
"1139",11106,"ctx_lh_G_and_S_cingul-Ant",26,60,0,0
"1140",11107,"ctx_lh_G_and_S_cingul-Mid-Ant",26,60,75,0
"1141",11108,"ctx_lh_G_and_S_cingul-Mid-Post",26,60,150,0
"1142",11109,"ctx_lh_G_cingul-Post-dorsal",25,60,250,0
"1143",11110,"ctx_lh_G_cingul-Post-ventral",60,25,25,0
"1144",11111,"ctx_lh_G_cuneus",180,20,20,0
"1145",11112,"ctx_lh_G_front_inf-Opercular",220,20,100,0
"1146",11113,"ctx_lh_G_front_inf-Orbital",140,60,60,0
"1147",11114,"ctx_lh_G_front_inf-Triangul",180,220,140,0
"1148",11115,"ctx_lh_G_front_middle",140,100,180,0
"1149",11116,"ctx_lh_G_front_sup",180,20,140,0
"1150",11117,"ctx_lh_G_Ins_lg_and_S_cent_ins",23,10,10,0
"1151",11118,"ctx_lh_G_insular_short",225,140,140,0
"1152",11119,"ctx_lh_G_occipital_middle",180,60,180,0
"1153",11120,"ctx_lh_G_occipital_sup",20,220,60,0
"1154",11121,"ctx_lh_G_oc-temp_lat-fusifor",60,20,140,0
"1155",11122,"ctx_lh_G_oc-temp_med-Lingual",220,180,140,0
"1156",11123,"ctx_lh_G_oc-temp_med-Parahip",65,100,20,0
"1157",11124,"ctx_lh_G_orbital",220,60,20,0
"1158",11125,"ctx_lh_G_pariet_inf-Angular",20,60,220,0
"1159",11126,"ctx_lh_G_pariet_inf-Supramar",100,100,60,0
"1160",11127,"ctx_lh_G_parietal_sup",220,180,220,0
"1161",11128,"ctx_lh_G_postcentral",20,180,140,0
"1162",11129,"ctx_lh_G_precentral",60,140,180,0
"1163",11130,"ctx_lh_G_precuneus",25,20,140,0
"1164",11131,"ctx_lh_G_rectus",20,60,100,0
"1165",11132,"ctx_lh_G_subcallosal",60,220,20,0
"1166",11133,"ctx_lh_G_temp_sup-G_T_transv",60,60,220,0
"1167",11134,"ctx_lh_G_temp_sup-Lateral",220,60,220,0
"1168",11135,"ctx_lh_G_temp_sup-Plan_polar",65,220,60,0
"1169",11136,"ctx_lh_G_temp_sup-Plan_tempo",25,140,20,0
"1170",11137,"ctx_lh_G_temporal_inf",220,220,100,0
"1171",11138,"ctx_lh_G_temporal_middle",180,60,60,0
"1172",11139,"ctx_lh_Lat_Fis-ant-Horizont",61,20,220,0
"1173",11140,"ctx_lh_Lat_Fis-ant-Vertical",61,20,60,0
"1174",11141,"ctx_lh_Lat_Fis-post",61,60,100,0
"1175",11142,"ctx_lh_Medial_wall",25,25,25,0
"1176",11143,"ctx_lh_Pole_occipital",140,20,60,0
"1177",11144,"ctx_lh_Pole_temporal",220,180,20,0
"1178",11145,"ctx_lh_S_calcarine",63,180,180,0
"1179",11146,"ctx_lh_S_central",221,20,10,0
"1180",11147,"ctx_lh_S_cingul-Marginalis",221,20,100,0
"1181",11148,"ctx_lh_S_circular_insula_ant",221,60,140,0
"1182",11149,"ctx_lh_S_circular_insula_inf",221,20,220,0
"1183",11150,"ctx_lh_S_circular_insula_sup",61,220,220,0
"1184",11151,"ctx_lh_S_collat_transv_ant",100,200,200,0
"1185",11152,"ctx_lh_S_collat_transv_post",10,200,200,0
"1186",11153,"ctx_lh_S_front_inf",221,220,20,0
"1187",11154,"ctx_lh_S_front_middle",141,20,100,0
"1188",11155,"ctx_lh_S_front_sup",61,220,100,0
"1189",11156,"ctx_lh_S_interm_prim-Jensen",141,60,20,0
"1190",11157,"ctx_lh_S_intrapariet_and_P_trans",143,20,220,0
"1191",11158,"ctx_lh_S_oc_middle_and_Lunatus",101,60,220,0
"1192",11159,"ctx_lh_S_oc_sup_and_transversal",21,20,140,0
"1193",11160,"ctx_lh_S_occipital_ant",61,20,180,0
"1194",11161,"ctx_lh_S_oc-temp_lat",221,140,20,0
"1195",11162,"ctx_lh_S_oc-temp_med_and_Lingual",141,100,220,0
"1196",11163,"ctx_lh_S_orbital_lateral",221,100,20,0
"1197",11164,"ctx_lh_S_orbital_med-olfact",181,200,20,0
"1198",11165,"ctx_lh_S_orbital-H_Shaped",101,20,20,0
"1199",11166,"ctx_lh_S_parieto_occipital",101,100,180,0
"1200",11167,"ctx_lh_S_pericallosal",181,220,20,0
"1201",11168,"ctx_lh_S_postcentral",21,140,200,0
"1202",11169,"ctx_lh_S_precentral-inf-part",21,20,240,0
"1203",11170,"ctx_lh_S_precentral-sup-part",21,20,200,0
"1204",11171,"ctx_lh_S_suborbital",21,20,60,0
"1205",11172,"ctx_lh_S_subparietal",101,60,60,0
"1206",11173,"ctx_lh_S_temporal_inf",21,180,180,0
"1207",11174,"ctx_lh_S_temporal_sup",223,220,60,0
"1208",11175,"ctx_lh_S_temporal_transverse",221,60,60,0
"1209",12100,"ctx_rh_Unknown",0,0,0,0
"1210",12101,"ctx_rh_G_and_S_frontomargin",23,220,60,0
"1211",12102,"ctx_rh_G_and_S_occipital_inf",23,60,180,0
"1212",12103,"ctx_rh_G_and_S_paracentral",63,100,60,0
"1213",12104,"ctx_rh_G_and_S_subcentral",63,20,220,0
"1214",12105,"ctx_rh_G_and_S_transv_frontopol",13,0,250,0
"1215",12106,"ctx_rh_G_and_S_cingul-Ant",26,60,0,0
"1216",12107,"ctx_rh_G_and_S_cingul-Mid-Ant",26,60,75,0
"1217",12108,"ctx_rh_G_and_S_cingul-Mid-Post",26,60,150,0
"1218",12109,"ctx_rh_G_cingul-Post-dorsal",25,60,250,0
"1219",12110,"ctx_rh_G_cingul-Post-ventral",60,25,25,0
"1220",12111,"ctx_rh_G_cuneus",180,20,20,0
"1221",12112,"ctx_rh_G_front_inf-Opercular",220,20,100,0
"1222",12113,"ctx_rh_G_front_inf-Orbital",140,60,60,0
"1223",12114,"ctx_rh_G_front_inf-Triangul",180,220,140,0
"1224",12115,"ctx_rh_G_front_middle",140,100,180,0
"1225",12116,"ctx_rh_G_front_sup",180,20,140,0
"1226",12117,"ctx_rh_G_Ins_lg_and_S_cent_ins",23,10,10,0
"1227",12118,"ctx_rh_G_insular_short",225,140,140,0
"1228",12119,"ctx_rh_G_occipital_middle",180,60,180,0
"1229",12120,"ctx_rh_G_occipital_sup",20,220,60,0
"1230",12121,"ctx_rh_G_oc-temp_lat-fusifor",60,20,140,0
"1231",12122,"ctx_rh_G_oc-temp_med-Lingual",220,180,140,0
"1232",12123,"ctx_rh_G_oc-temp_med-Parahip",65,100,20,0
"1233",12124,"ctx_rh_G_orbital",220,60,20,0
"1234",12125,"ctx_rh_G_pariet_inf-Angular",20,60,220,0
"1235",12126,"ctx_rh_G_pariet_inf-Supramar",100,100,60,0
"1236",12127,"ctx_rh_G_parietal_sup",220,180,220,0
"1237",12128,"ctx_rh_G_postcentral",20,180,140,0
"1238",12129,"ctx_rh_G_precentral",60,140,180,0
"1239",12130,"ctx_rh_G_precuneus",25,20,140,0
"1240",12131,"ctx_rh_G_rectus",20,60,100,0
"1241",12132,"ctx_rh_G_subcallosal",60,220,20,0
"1242",12133,"ctx_rh_G_temp_sup-G_T_transv",60,60,220,0
"1243",12134,"ctx_rh_G_temp_sup-Lateral",220,60,220,0
"1244",12135,"ctx_rh_G_temp_sup-Plan_polar",65,220,60,0
"1245",12136,"ctx_rh_G_temp_sup-Plan_tempo",25,140,20,0
"1246",12137,"ctx_rh_G_temporal_inf",220,220,100,0
"1247",12138,"ctx_rh_G_temporal_middle",180,60,60,0
"1248",12139,"ctx_rh_Lat_Fis-ant-Horizont",61,20,220,0
"1249",12140,"ctx_rh_Lat_Fis-ant-Vertical",61,20,60,0
"1250",12141,"ctx_rh_Lat_Fis-post",61,60,100,0
"1251",12142,"ctx_rh_Medial_wall",25,25,25,0
"1252",12143,"ctx_rh_Pole_occipital",140,20,60,0
"1253",12144,"ctx_rh_Pole_temporal",220,180,20,0
"1254",12145,"ctx_rh_S_calcarine",63,180,180,0
"1255",12146,"ctx_rh_S_central",221,20,10,0
"1256",12147,"ctx_rh_S_cingul-Marginalis",221,20,100,0
"1257",12148,"ctx_rh_S_circular_insula_ant",221,60,140,0
"1258",12149,"ctx_rh_S_circular_insula_inf",221,20,220,0
"1259",12150,"ctx_rh_S_circular_insula_sup",61,220,220,0
"1260",12151,"ctx_rh_S_collat_transv_ant",100,200,200,0
"1261",12152,"ctx_rh_S_collat_transv_post",10,200,200,0
"1262",12153,"ctx_rh_S_front_inf",221,220,20,0
"1263",12154,"ctx_rh_S_front_middle",141,20,100,0
"1264",12155,"ctx_rh_S_front_sup",61,220,100,0
"1265",12156,"ctx_rh_S_interm_prim-Jensen",141,60,20,0
"1266",12157,"ctx_rh_S_intrapariet_and_P_trans",143,20,220,0
"1267",12158,"ctx_rh_S_oc_middle_and_Lunatus",101,60,220,0
"1268",12159,"ctx_rh_S_oc_sup_and_transversal",21,20,140,0
"1269",12160,"ctx_rh_S_occipital_ant",61,20,180,0
"1270",12161,"ctx_rh_S_oc-temp_lat",221,140,20,0
"1271",12162,"ctx_rh_S_oc-temp_med_and_Lingual",141,100,220,0
"1272",12163,"ctx_rh_S_orbital_lateral",221,100,20,0
"1273",12164,"ctx_rh_S_orbital_med-olfact",181,200,20,0
"1274",12165,"ctx_rh_S_orbital-H_Shaped",101,20,20,0
"1275",12166,"ctx_rh_S_parieto_occipital",101,100,180,0
"1276",12167,"ctx_rh_S_pericallosal",181,220,20,0
"1277",12168,"ctx_rh_S_postcentral",21,140,200,0
"1278",12169,"ctx_rh_S_precentral-inf-part",21,20,240,0
"1279",12170,"ctx_rh_S_precentral-sup-part",21,20,200,0
"1280",12171,"ctx_rh_S_suborbital",21,20,60,0
"1281",12172,"ctx_rh_S_subparietal",101,60,60,0
"1282",12173,"ctx_rh_S_temporal_inf",21,180,180,0
"1283",12174,"ctx_rh_S_temporal_sup",223,220,60,0
"1284",12175,"ctx_rh_S_temporal_transverse",221,60,60,0
"1285",13100,"wm_lh_Unknown",0,0,0,0
"1286",13101,"wm_lh_G_and_S_frontomargin",23,220,60,0
"1287",13102,"wm_lh_G_and_S_occipital_inf",23,60,180,0
"1288",13103,"wm_lh_G_and_S_paracentral",63,100,60,0
"1289",13104,"wm_lh_G_and_S_subcentral",63,20,220,0
"1290",13105,"wm_lh_G_and_S_transv_frontopol",13,0,250,0
"1291",13106,"wm_lh_G_and_S_cingul-Ant",26,60,0,0
"1292",13107,"wm_lh_G_and_S_cingul-Mid-Ant",26,60,75,0
"1293",13108,"wm_lh_G_and_S_cingul-Mid-Post",26,60,150,0
"1294",13109,"wm_lh_G_cingul-Post-dorsal",25,60,250,0
"1295",13110,"wm_lh_G_cingul-Post-ventral",60,25,25,0
"1296",13111,"wm_lh_G_cuneus",180,20,20,0
"1297",13112,"wm_lh_G_front_inf-Opercular",220,20,100,0
"1298",13113,"wm_lh_G_front_inf-Orbital",140,60,60,0
"1299",13114,"wm_lh_G_front_inf-Triangul",180,220,140,0
"1300",13115,"wm_lh_G_front_middle",140,100,180,0
"1301",13116,"wm_lh_G_front_sup",180,20,140,0
"1302",13117,"wm_lh_G_Ins_lg_and_S_cent_ins",23,10,10,0
"1303",13118,"wm_lh_G_insular_short",225,140,140,0
"1304",13119,"wm_lh_G_occipital_middle",180,60,180,0
"1305",13120,"wm_lh_G_occipital_sup",20,220,60,0
"1306",13121,"wm_lh_G_oc-temp_lat-fusifor",60,20,140,0
"1307",13122,"wm_lh_G_oc-temp_med-Lingual",220,180,140,0
"1308",13123,"wm_lh_G_oc-temp_med-Parahip",65,100,20,0
"1309",13124,"wm_lh_G_orbital",220,60,20,0
"1310",13125,"wm_lh_G_pariet_inf-Angular",20,60,220,0
"1311",13126,"wm_lh_G_pariet_inf-Supramar",100,100,60,0
"1312",13127,"wm_lh_G_parietal_sup",220,180,220,0
"1313",13128,"wm_lh_G_postcentral",20,180,140,0
"1314",13129,"wm_lh_G_precentral",60,140,180,0
"1315",13130,"wm_lh_G_precuneus",25,20,140,0
"1316",13131,"wm_lh_G_rectus",20,60,100,0
"1317",13132,"wm_lh_G_subcallosal",60,220,20,0
"1318",13133,"wm_lh_G_temp_sup-G_T_transv",60,60,220,0
"1319",13134,"wm_lh_G_temp_sup-Lateral",220,60,220,0
"1320",13135,"wm_lh_G_temp_sup-Plan_polar",65,220,60,0
"1321",13136,"wm_lh_G_temp_sup-Plan_tempo",25,140,20,0
"1322",13137,"wm_lh_G_temporal_inf",220,220,100,0
"1323",13138,"wm_lh_G_temporal_middle",180,60,60,0
"1324",13139,"wm_lh_Lat_Fis-ant-Horizont",61,20,220,0
"1325",13140,"wm_lh_Lat_Fis-ant-Vertical",61,20,60,0
"1326",13141,"wm_lh_Lat_Fis-post",61,60,100,0
"1327",13142,"wm_lh_Medial_wall",25,25,25,0
"1328",13143,"wm_lh_Pole_occipital",140,20,60,0
"1329",13144,"wm_lh_Pole_temporal",220,180,20,0
"1330",13145,"wm_lh_S_calcarine",63,180,180,0
"1331",13146,"wm_lh_S_central",221,20,10,0
"1332",13147,"wm_lh_S_cingul-Marginalis",221,20,100,0
"1333",13148,"wm_lh_S_circular_insula_ant",221,60,140,0
"1334",13149,"wm_lh_S_circular_insula_inf",221,20,220,0
"1335",13150,"wm_lh_S_circular_insula_sup",61,220,220,0
"1336",13151,"wm_lh_S_collat_transv_ant",100,200,200,0
"1337",13152,"wm_lh_S_collat_transv_post",10,200,200,0
"1338",13153,"wm_lh_S_front_inf",221,220,20,0
"1339",13154,"wm_lh_S_front_middle",141,20,100,0
"1340",13155,"wm_lh_S_front_sup",61,220,100,0
"1341",13156,"wm_lh_S_interm_prim-Jensen",141,60,20,0
"1342",13157,"wm_lh_S_intrapariet_and_P_trans",143,20,220,0
"1343",13158,"wm_lh_S_oc_middle_and_Lunatus",101,60,220,0
"1344",13159,"wm_lh_S_oc_sup_and_transversal",21,20,140,0
"1345",13160,"wm_lh_S_occipital_ant",61,20,180,0
"1346",13161,"wm_lh_S_oc-temp_lat",221,140,20,0
"1347",13162,"wm_lh_S_oc-temp_med_and_Lingual",141,100,220,0
"1348",13163,"wm_lh_S_orbital_lateral",221,100,20,0
"1349",13164,"wm_lh_S_orbital_med-olfact",181,200,20,0
"1350",13165,"wm_lh_S_orbital-H_Shaped",101,20,20,0
"1351",13166,"wm_lh_S_parieto_occipital",101,100,180,0
"1352",13167,"wm_lh_S_pericallosal",181,220,20,0
"1353",13168,"wm_lh_S_postcentral",21,140,200,0
"1354",13169,"wm_lh_S_precentral-inf-part",21,20,240,0
"1355",13170,"wm_lh_S_precentral-sup-part",21,20,200,0
"1356",13171,"wm_lh_S_suborbital",21,20,60,0
"1357",13172,"wm_lh_S_subparietal",101,60,60,0
"1358",13173,"wm_lh_S_temporal_inf",21,180,180,0
"1359",13174,"wm_lh_S_temporal_sup",223,220,60,0
"1360",13175,"wm_lh_S_temporal_transverse",221,60,60,0
"1361",14100,"wm_rh_Unknown",0,0,0,0
"1362",14101,"wm_rh_G_and_S_frontomargin",23,220,60,0
"1363",14102,"wm_rh_G_and_S_occipital_inf",23,60,180,0
"1364",14103,"wm_rh_G_and_S_paracentral",63,100,60,0
"1365",14104,"wm_rh_G_and_S_subcentral",63,20,220,0
"1366",14105,"wm_rh_G_and_S_transv_frontopol",13,0,250,0
"1367",14106,"wm_rh_G_and_S_cingul-Ant",26,60,0,0
"1368",14107,"wm_rh_G_and_S_cingul-Mid-Ant",26,60,75,0
"1369",14108,"wm_rh_G_and_S_cingul-Mid-Post",26,60,150,0
"1370",14109,"wm_rh_G_cingul-Post-dorsal",25,60,250,0
"1371",14110,"wm_rh_G_cingul-Post-ventral",60,25,25,0
"1372",14111,"wm_rh_G_cuneus",180,20,20,0
"1373",14112,"wm_rh_G_front_inf-Opercular",220,20,100,0
"1374",14113,"wm_rh_G_front_inf-Orbital",140,60,60,0
"1375",14114,"wm_rh_G_front_inf-Triangul",180,220,140,0
"1376",14115,"wm_rh_G_front_middle",140,100,180,0
"1377",14116,"wm_rh_G_front_sup",180,20,140,0
"1378",14117,"wm_rh_G_Ins_lg_and_S_cent_ins",23,10,10,0
"1379",14118,"wm_rh_G_insular_short",225,140,140,0
"1380",14119,"wm_rh_G_occipital_middle",180,60,180,0
"1381",14120,"wm_rh_G_occipital_sup",20,220,60,0
"1382",14121,"wm_rh_G_oc-temp_lat-fusifor",60,20,140,0
"1383",14122,"wm_rh_G_oc-temp_med-Lingual",220,180,140,0
"1384",14123,"wm_rh_G_oc-temp_med-Parahip",65,100,20,0
"1385",14124,"wm_rh_G_orbital",220,60,20,0
"1386",14125,"wm_rh_G_pariet_inf-Angular",20,60,220,0
"1387",14126,"wm_rh_G_pariet_inf-Supramar",100,100,60,0
"1388",14127,"wm_rh_G_parietal_sup",220,180,220,0
"1389",14128,"wm_rh_G_postcentral",20,180,140,0
"1390",14129,"wm_rh_G_precentral",60,140,180,0
"1391",14130,"wm_rh_G_precuneus",25,20,140,0
"1392",14131,"wm_rh_G_rectus",20,60,100,0
"1393",14132,"wm_rh_G_subcallosal",60,220,20,0
"1394",14133,"wm_rh_G_temp_sup-G_T_transv",60,60,220,0
"1395",14134,"wm_rh_G_temp_sup-Lateral",220,60,220,0
"1396",14135,"wm_rh_G_temp_sup-Plan_polar",65,220,60,0
"1397",14136,"wm_rh_G_temp_sup-Plan_tempo",25,140,20,0
"1398",14137,"wm_rh_G_temporal_inf",220,220,100,0
"1399",14138,"wm_rh_G_temporal_middle",180,60,60,0
"1400",14139,"wm_rh_Lat_Fis-ant-Horizont",61,20,220,0
"1401",14140,"wm_rh_Lat_Fis-ant-Vertical",61,20,60,0
"1402",14141,"wm_rh_Lat_Fis-post",61,60,100,0
"1403",14142,"wm_rh_Medial_wall",25,25,25,0
"1404",14143,"wm_rh_Pole_occipital",140,20,60,0
"1405",14144,"wm_rh_Pole_temporal",220,180,20,0
"1406",14145,"wm_rh_S_calcarine",63,180,180,0
"1407",14146,"wm_rh_S_central",221,20,10,0
"1408",14147,"wm_rh_S_cingul-Marginalis",221,20,100,0
"1409",14148,"wm_rh_S_circular_insula_ant",221,60,140,0
"1410",14149,"wm_rh_S_circular_insula_inf",221,20,220,0
"1411",14150,"wm_rh_S_circular_insula_sup",61,220,220,0
"1412",14151,"wm_rh_S_collat_transv_ant",100,200,200,0
"1413",14152,"wm_rh_S_collat_transv_post",10,200,200,0
"1414",14153,"wm_rh_S_front_inf",221,220,20,0
"1415",14154,"wm_rh_S_front_middle",141,20,100,0
"1416",14155,"wm_rh_S_front_sup",61,220,100,0
"1417",14156,"wm_rh_S_interm_prim-Jensen",141,60,20,0
"1418",14157,"wm_rh_S_intrapariet_and_P_trans",143,20,220,0
"1419",14158,"wm_rh_S_oc_middle_and_Lunatus",101,60,220,0
"1420",14159,"wm_rh_S_oc_sup_and_transversal",21,20,140,0
"1421",14160,"wm_rh_S_occipital_ant",61,20,180,0
"1422",14161,"wm_rh_S_oc-temp_lat",221,140,20,0
"1423",14162,"wm_rh_S_oc-temp_med_and_Lingual",141,100,220,0
"1424",14163,"wm_rh_S_orbital_lateral",221,100,20,0
"1425",14164,"wm_rh_S_orbital_med-olfact",181,200,20,0
"1426",14165,"wm_rh_S_orbital-H_Shaped",101,20,20,0
"1427",14166,"wm_rh_S_parieto_occipital",101,100,180,0
"1428",14167,"wm_rh_S_pericallosal",181,220,20,0
"1429",14168,"wm_rh_S_postcentral",21,140,200,0
"1430",14169,"wm_rh_S_precentral-inf-part",21,20,240,0
"1431",14170,"wm_rh_S_precentral-sup-part",21,20,200,0
"1432",14171,"wm_rh_S_suborbital",21,20,60,0
"1433",14172,"wm_rh_S_subparietal",101,60,60,0
"1434",14173,"wm_rh_S_temporal_inf",21,180,180,0
"1435",14174,"wm_rh_S_temporal_sup",223,220,60,0
"1436",14175,"wm_rh_S_temporal_transverse",221,60,60,0
